fragment,frequency
TCGTCTTAGA,2
CTGAAGCTGA,2
AATGCCTCAC,2
ATGATGAAGC,2
GATTGGCATC,2
TGGATTGGCA,2
TTATGCAGCT,2
GAACAATGGA,2
GCTGATCTCA,2
GAAGCTCAAA,2
GATGACAAAG,2
TGTTGATGGC,2
GATTTCCTTG,2
TTTGAGAGTC,2
AGAAAGTTGA,2
AAGCTCAAAG,2
AAGATTCACT,2
GGTTTTGGAT,2
GATGAAGCTC,2
CGAAAGCAGC,2
GTCTTAGATT,2
AAGTTGAACA,2
TGAAGCTGAG,2
GAAAGTTGAA,2
CGTCTTAGAT,2
GTCCACTCTA,2
GCATCACACC,2
GCTCAAAGTG,2
AAAGTGTATG,2
AATCCGAAAG,2
TATGCAGCTG,2
TCATATTCTG,2
GCAAGGTTAA,2
TGGATTGAGA,2
AGAGTCACGC,2
AAACCGGGTC,2
ACAAAGATCG,2
AGTTCCAGCT,2
AGCAGCTGCT,2
GACTTTTTGG,2
GCTGCAGGTT,2
CATCACACCA,2
TGATCATTGG,2
CAAAGTGTAT,2
TATAGCTGAT,2
AAAGATCGTC,2
TTGGCTTAAG,2
CAATGGATTG,2
CACCAATTTA,2
TGATGAAGCT,2
GAGACTTTTT,2
CTGCTGAAGC,2
AAAAGAGCCA,2
GAGAGTCACG,2
ATCTATAGCT,2
TGGATATGTT,2
CCAATTTACG,2
TGTTCTGAAT,2
TTGGATTGGC,2
GAAAGCAGCT,2
TGCAGCTGCA,2
TCACACCAAT,2
TCTCTGTCCA,2
CATAAGAAAG,2
GAGCCAAGAT,2
TCTAAACCGG,2
ATGCAGCTGC,2
TGAATCCGAA,2
TCAGCCTTGT,2
GTTGAACAAT,2
CCACTCTAGA,2
ATATGTTCTG,2
GGATTGGCAT,2
TATGTTCTGA,2
ACACCAATTT,2
TTTGGATTGG,2
ATTGTTGATG,2
GATATGTTCT,2
TGCTGAAGCT,2
ACCAATTTAC,2
AGAGCCAAGA,2
AAGAGCCAAG,2
TCCAATTCGA,2
CTGATCTCAG,2
AATTCAAAGA,2
TCTGCAAGGT,2
ATAGCTGATC,2
GCAGGTTTTG,2
CAATGCCTCA,2
CTGCAGGTTT,2
GGAAAGTTCC,2
AACCATCTAT,2
TTGTTGATGG,2
GCTTAAGGGC,2
ATCCAATTCG,2
CTGAATCCGA,2
CAGCTGCTGA,2
ACCATCTATA,2
GTTTTGGATG,2
AAAGAGCCAA,2
TCTATAGCTG,2
AACAATGGAT,2
ATGTTCTGAA,2
CAGCTGCAGG,2
AAAGCAGCTG,2
ATGTCACAGC,2
CAGGTTTTGG,2
TCTTAGATTG,2
AGCTCAAAGT,2
TCAAAGTGTA,2
TTGATTTCCT,2
CACAGCCATC,2
GCTGCTGAAG,2
CAGCTATTGT,2
TGAGAGTCAC,2
TTTGGCTTAA,2
CACTCTAGAG,2
GGCTTAAGGG,2
CTGAATTCAA,2
TACTAACAAA,2
CTGGATATGT,2
TTGATGGCAG,2
TGGCATCACA,2
ATCACACCAA,2
GCAGCTGCAG,2
TTGAACAATG,2
TCTGTCCACT,2
CCTGAATTCA,2
TGATCTCAGC,2
GCAGCTGCTG,2
TTTTTGGCTT,2
CAAAAGAGCC,2
CTAGAGACTT,2
AAAGTTCCAG,2
TTTTGGATGA,2
ATATTCTGCA,2
GAAAGTTCCA,2
ATCCGAAAGC,2
CTATTGTTGA,2
GATCGTCTTA,2
CTATAGCTGA,2
TCACAGCCAT,2
GGATGACAAA,2
TCCAAAAGAG,2
TTGGATGACA,2
ATTTCCTTGG,2
GTTTTGGATT,2
AATGGATTGA,2
TAGAGACTTT,2
CAACCATCTA,2
TGAAGCTCAA,2
ACAATGGATT,2
GGCATCACAC,2
TGGATGACAA,2
TGCAGGTTTT,2
GAACTTATGC,2
TATTCTGCAA,2
ATGAAGCTCA,2
CTTAGATTGC,2
TTCCAGCTAT,2
GTTGATGGCA,2
TGATTTCCTT,2
TCATAAGAAA,2
AGCTGATCTC,2
TGTCCACTCT,2
CTCAGCCTTG,2
ATCGTCTTAG,2
CACACCAATT,2
CAAAGATCGT,2
CATCTATAGC,2
CTGTCCACTC,2
AGCTATTGTT,2
CTCTAGAGAC,2
CGAGAGATGG,2
CTCTGTCCAC,2
TGCAAGGTTA,2
ACTTATGCAG,2
CTTAAGGGCA,2
AAGAAAGTTG,2
TTTGGATGAC,2
GATCATTGGT,2
ACTCTAGAGA,2
AGATCGTCTT,2
TGAACAATGG,2
TGTCACAGCC,2
TTGAGAGTCA,2
GAATTCAAAG,2
CTAAACCGGG,2
TTCTGAATAG,2
TTTTGGATTG,2
AATCCAATTC,2
ATCATTGGTA,2
ATGACAAAGA,2
ATCTCAGCCT,2
TGGCTTAAGG,2
AGCCTTGTAT,2
CTCATAAGAA,2
GCTATTGTTG,2
TAGCTGATCT,2
TCTCAGCCTT,2
AACTTATGCA,2
AGCTGCTGAA,2
TCCGAAAGCA,2
AGCTGCAGGT,2
AAGATCGTCT,2
GATCTCAGCC,2
CAAGATTCAC,2
CTGCAAGGTT,2
CATATTCTGC,2
TGAATTCAAA,2
GCGAGAGATG,2
GCTGAAGCTG,2
TTTTGGCTTA,2
TCTAGAGACT,2
AGACTTTTTG,2
AGCCAAGATT,2
CCGAAAGCAG,2
TTCTGCAAGG,2
GGGGAAAGTT,2
ATAAGAAAGT,2
TGATATATCT,2
ACTTTTTGGC,2
CCAAAAGAGC,2
AGGTTTTGGA,2
ATTCTGCAAG,2
GTTCTGAATA,2
TATTGTTGAT,2
CCAAGATTCA,2
AGATTCACTC,2
ATGGATTGAG,2
TTGGCATCAC,2
GTCACAGCCA,2
CTCAAAGTGT,2
CAGCCTTGTA,2
AAGTTCCAGC,2
GGATATGTTC,2
CTTATGCAGC,2
GAATCCGAAA,2
GCCAAGATTC,2
CTTTTTGGCT,2
TCCACTCTAG,2
ACAATGCCTC,2
GGGAAAGTTC,2
CCATCTATAG,2
TGACAAAGAT,2
TTAGATTGCT,2
CCAGCTATTG,2
AAGTGTATGC,2
TAAGAAAGTT,2
AAAGTTGAAC,2
AAGCAGCTGC,2
AGAGACTTTT,2
AGTTGAACAA,2
GACAAAGATC,2
TGGGGAAAGT,2
ATTGGCATCA,2
GCCTTGTATG,2
TAAACCGGGT,2
ATGCCTCACT,2
GTTCCAGCTA,2
TCCAGCTATT,2
ATCTAAACCG,2
TGTTATCATA,1
AAGAAGGATT,1
AACCAACCAT,1
TTTGGCAAAA,1
CAACCAACCA,1
CTTTGGCAAA,1
GAAGCAACCA,1
GATGATGAAG,1
CCAAGATCTA,1
TCTCGGTCTT,1
GCGGCGAGAG,1
TCCAGCTCTC,1
ACCGGTTTCA,1
GGTCTTCAAT,1
CCATCACGTG,1
TCTTTGAGAG,1
ACGCAATCCT,1
GAACTATATG,1
GAAGCTGAGC,1
TGCGAACTTA,1
GTGTTGCTGA,1
AATCCTGATA,1
GCGAACTTAT,1
GAGATCCTTT,1
GATGGCAGGC,1
CAACAATGCC,1
TAATAATCAC,1
CAAGATCTAA,1
TATGCAGATC,1
GCTGTTATCA,1
GCGTTTCCAA,1
GAACAAAACT,1
CAGGGGTCAG,1
CCTCGGCGTT,1
GTCGTGGTGC,1
TGATGAGACC,1
GGAATGTAAT,1
ACTAACAAAG,1
GGTTAATGGA,1
TCAATCCAAG,1
AACTTAGAAC,1
CGTGCTGTTA,1
ATTATCTCCT,1
AGCACTCATA,1
CGGTCTTCCT,1
ATCACGTGCT,1
AACAAAGTCT,1
TCACTTTGAT,1
TTTCAAAGTC,1
CTTGTATGCG,1
AAACCGGTTT,1
AATCCAAGAT,1
TTTCCTTGGC,1
AATAAGGAAT,1
AGATTGCTCA,1
GATCTAAGAA,1
GTAATAATCA,1
AAGGATTCCA,1
CGTGGTGCAG,1
TTTCAGGGGT,1
ATATGTAATA,1
ATATTAACCC,1
AGATCTAAGA,1
GCAATCCTGA,1
AAAGTCTCTG,1
GATTCCAGAA,1
AACCGGGTCT,1
TCAAAGGTTT,1
GTTAATGGAA,1
AGGGGTCAGT,1
AGCTGGATAT,1
GAAGAAAAGC,1
AAGATGATGA,1
GTCCAGCTCT,1
TTCACTCAGT,1
AGTGTTGCTG,1
TGGCAAAACC,1
TATCAAAGGT,1
CAAAGGTTTT,1
ACCCATTGGG,1
TGAGATCCTT,1
AGATCCTTTT,1
ACCAACCATC,1
AGGTTAATGG,1
ATGCGAACTT,1
GGTGCAGCTG,1
AGAAGATGAT,1
TCACGCAATC,1
GAGGTCTTGA,1
CCCATGAGAT,1
CTTAAGCTCT,1
GGCAATGCTA,1
TTATCTAAAC,1
TCCTGAATTC,1
ATGATCTATC,1
TCGTTGAAGA,1
GATATATCTA,1
ATAAGGAATG,1
AAGAAGATGA,1
ACGAAAAAAG,1
CTTATCTAAA,1
GTCTTCCTCT,1
AGTCTCTGTC,1
CCAATTCGAT,1
TTAAGCTCTT,1
TTTCCAAGTG,1
AGTTTTGGAT,1
CAGGCTTAAG,1
TTCAAAGTCA,1
TTGGCGAAGC,1
CCTTGTATGC,1
GAATCCAATT,1
GAGATGGGAA,1
CATTGGGGAA,1
TGCCTCACTT,1
AAAAAAGCAA,1
GAATGTAATA,1
AAGGTTAATG,1
TTATCATATT,1
GCTTAAGCTC,1
GTCTTCAATC,1
GTCTTGATTT,1
TTCCAGAAGC,1
TGGCAGGCTT,1
GGCGAGAGAT,1
CAAAGTCTCT,1
GGGCAATGCT,1
AGAACTTAGA,1
GGTCTTCCTC,1
CAAAGATATT,1
CTTAGAACAA,1
AATTTACGTC,1
TTGAGAATAC,1
AGCTGAGCAG,1
AAGATATTAA,1
TAAGAACTTA,1
AATTATCTCC,1
GTTTTTTGAA,1
CCTTGGCGAA,1
AATGATCTAT,1
CCAACCATCT,1
ATGAGATCCT,1
TGTAAGAAAA,1
TAGGTCCAGC,1
TTTACGTCGT,1
ACTTTGATGA,1
AAAACTTTGG,1
AGAAGCGGCG,1
AACCGGTTTC,1
ATCTAAGAAC,1
GTATGCAGAT,1
ATGAGGTCTT,1
GCAGGCTTAA,1
GATCCTTTTC,1
AGGAATGTAA,1
CCATGAGATC,1
TCTATCCTCG,1
CCGGTTTCAG,1
TGTATGCAGA,1
CTCTTTGAGA,1
ATATATCTAT,1
CTCACTTTGA,1
TTTTTGAACT,1
ATCCAAAAGA,1
TATCATATTC,1
GCGTCAACAA,1
CGCAATCCTG,1
AATGGAATCC,1
CATTGTAAGA,1
ATAATCACTT,1
GATTGCTCAG,1
TCCTTTTCAA,1
TCTTCCTCTG,1
AAAACCGGTT,1
GAAGGATTCC,1
CTCTATCAAA,1
CAGAAGCGGC,1
GGTTCGTTGA,1
CCAAGTGTTG,1
CAGCCATCAC,1
GTGCAGCTGG,1
CTTTTCAAAG,1
TCCAAGATCT,1
CTGAATAGTG,1
CGAATGTCAC,1
TCCAGAAGCG,1
TTAATGGAAT,1
TTACGTCGTG,1
ATGGCAGGCT,1
AGAAGGATTC,1
CAGTTTTGGA,1
ACAGCCATCA,1
CAAAGTCAAA,1
AAAAAGCAAC,1
ACTCAGTTTT,1
TTCCTCTGAA,1
AGGCTTAAGC,1
CAATGCTAAA,1
AGCGTCAACA,1
GAATAGTGTA,1
TGTACTAGGT,1
CAGTCACTGG,1
AGGGCAATGC,1
CTGATCATTG,1
TCGGCGTTTC,1
AGTTACTAAC,1
CTAAGAACTT,1
CACTTGTTTT,1
TTTTGAACTA,1
GTAAGAAAAA,1
TCTTGATTTC,1
CTTCCTCTGA,1
GGTCAGTCAC,1
ATCATATTCT,1
AAAGAAGATG,1
GCAAAACCGG,1
TTTTTTGAAC,1
GTGGTGCAGC,1
TGCTGTTATC,1
TTGTATGCGA,1
CTATATGTAA,1
GAGAGATGGG,1
TCCTGATATA,1
GGAAGCAACC,1
AACAAAACTT,1
TATCTCCTGA,1
CAATCCTGAT,1
AGAAAAATAA,1
AAATTCTTGC,1
GGGGTCAGTC,1
GTTCGTTGAA,1
AGTCACTGGT,1
ACTTAGAACA,1
CGGTTTCAGG,1
GAAGATGATG,1
TTCTTGCTCG,1
TCCTCGGCGT,1
GTTGCTGATC,1
GATGGGAACC,1
TTAACCCATT,1
TCCATTGTAA,1
TGCAGATCGA,1
TATGCGAACT,1
GATCGAATGT,1
ATCCAAGATC,1
TAAATTCTTG,1
AGGTCCAGCT,1
AAAAAGAAGA,1
GTTTCCAAGT,1
CTCGGTCTTC,1
CAAAGAAGGA,1
AGACCCATGA,1
CTAAATTCTT,1
ATCCTCGGCG,1
TCCAAGTGTT,1
AAGTCTCTGT,1
AATACGAAAA,1
GTCAGTCACT,1
TCTATCAAAG,1
ACTGGTTCGT,1
GGCGTTTCCA,1
TCCTATTCTC,1
GGATTCCAGA,1
ATTCTTGCTC,1
CCATTGTAAG,1
GATATTAACC,1
TAATGGAATC,1
AGAATACGAA,1
AAAAATAAGG,1
ATTGCTCAGC,1
AGCTCTCGGT,1
CGGCGTTTCC,1
TCGAATGTCA,1
AGATATTAAC,1
CTCGGAAGCA,1
GACCCATGAG,1
ATTCTCCATT,1
ATCTCCTATT,1
GGATTGAGAA,1
TATCTATCCT,1
ATCTATCCTC,1
GAATACGAAA,1
TCAGCACTCA,1
CTGATATATC,1
AATGCTAAAT,1
GCAGCTGGAT,1
CGAACTTATG,1
GGCAAAACCG,1
GCAGTTACTA,1
AACCCATTGG,1
GGTATCCAAA,1
TAACCCATTG,1
TGCTAAATTC,1
ACTCATAAGA,1
AACAATTATC,1
ATACGAAAAA,1
AAGCAACAAT,1
GATCTATCCA,1
TTTGATGAGA,1
TGTTTTTTGA,1
GGAATCCAAT,1
TGAAGAAAAG,1
TTATCTCCTA,1
TTGCTCGGAA,1
ACTATATGTA,1
AATAATCACT,1
TATCTCCTAT,1
CTATTCTCCA,1
CCTCACTTTG,1
ACGAAAAAGA,1
CAGCTCTCGG,1
ACGTCGTGGT,1
CTCTGAATCC,1
AAATGATCTA,1
GAGACCCATG,1
ACTTTGGCAA,1
GCCATCACGT,1
AAATAAGGAA,1
ACGTGCTGTT,1
GGTCCAGCTC,1
GTTGAAGAAA,1
GAAAAATAAG,1
GTTACTAACA,1
AAAAGCAACA,1
AACAATGCCT,1
AAACTTTGGC,1
GCTAAATTCT,1
GCAATGCTAA,1
AGTCACGCAA,1
ACTCTATCAA,1
TTGCTCAGCA,1
TATCCAAAAG,1
AATTCTTGCT,1
AAGCGGCGAG,1
GTCAAAGAAG,1
GAAAAAGAAG,1
TTTTCAAAGT,1
AGGATTCCAG,1
CGAAAAAAGC,1
AATGTCACAG,1
GCGAAGCGTC,1
GCTGAGCAGT,1
CTCCTATTCT,1
GGTTTCAGGG,1
TTCTCCATTG,1
TGGTGCAGCT,1
CCAAATGATC,1
GGGTCTTCAA,1
AATCACTTGT,1
GCAACCAACC,1
CAATTTACGT,1
TTCAAAGATA,1
CTAACAAAGT,1
ATCAAAGGTT,1
CCTGATATAT,1
TTGAAGAAAA,1
TATTCTCCAT,1
ATGAGACCCA,1
CGTTGAAGAA,1
CAGTTACTAA,1
AATTCGATGA,1
CTGTTATCAT,1
TGCTCAGCAC,1
AAAGCAACAA,1
GGAACCTTAT,1
TAAGAAAAAT,1
ATCACTCTAT,1
CTGAGCAGTT,1
GAAGCGGCGA,1
GATGAGACCC,1
GATGAGGTCT,1
ATCCTGATAT,1
TGAGGTCTTG,1
TCACGTGCTG,1
AAAATAAGGA,1
TTATCTCCTG,1
TGAGACCCAT,1
TGCAGCTGGA,1
AATGTAATAA,1
TAAGGAATGT,1
GTATCCAAAT,1
CACTGGTTCG,1
CAATCCAAGA,1
AGAAAAGCCG,1
GCAGATCGAA,1
TCTCCTGAAT,1
CAATTCGATG,1
GAGTCACGCA,1
GCCTCACTTT,1
TTGAACTATA,1
AAAAGAAGAT,1
AAGGGCAATG,1
GTCTCTGTCC,1
GATTGAGAAT,1
ATCTCCTGAA,1
TCGTGGTGCA,1
AGCCATCACG,1
AAGCGTCAAC,1
CCTTATCTAA,1
TGAACTATAT,1
ATTGGTATCC,1
GTACTAGGTC,1
TCGGAAGCAA,1
AGCGGCGAGA,1
ATTTACGTCG,1
TAACAAAGTC,1
TCTATCCAAA,1
TCTAAGAACT,1
GGTCTTGATT,1
TAATCACTCT,1
AGGTTTTTAC,1
TCAGTTTTGG,1
CTCCATTGTA,1
CTTTGATGAG,1
GGGAACCTTA,1
ATGTAATAAT,1
TGCTGATCAT,1
GAATGTCACA,1
CACTTTGATG,1
AAGCTCTTTG,1
TAAGGGCAAT,1
CAAGTGTTGC,1
AACCTTATCT,1
TATGTAATAA,1
CAAGGTTAAT,1
CACTCTATCA,1
TTCAATCCAA,1
TGTTGCTGAT,1
GAACTTAGAA,1
TTAGAACAAA,1
ATTGAGAATA,1
AGCTCTTTGA,1
TTGGCAAAAC,1
AAAGGTTTTT,1
AAGAAAAATA,1
ATTAACCCAT,1
AAGTGTTGCT,1
CTAGGTCCAG,1
GCTCGGAAGC,1
TCAAAGAAGG,1
TCTCCATTGT,1
CTTTGAGAGT,1
GAAGCGTCAA,1
TCTTGCTCGG,1
ACTTGTTTTT,1
TCACTCTATC,1
CCTCTGAATC,1
CGAAGCGTCA,1
GATTCACTCA,1
GTCAACAATT,1
CTCTCGGTCT,1
CGTTTCCAAG,1
CGTCGTGGTG,1
GGCGAAGCGT,1
GGGTCAGTCA,1
AAAGTCAAAG,1
CTCCTGAATT,1
CATCACGTGC,1
AAAAGCCGAT,1
AAAGATATTA,1
AAGAAAAGCC,1
GGCTTAAGCT,1
CAAATGATCT,1
AGCAACAATG,1
ATTCGATGAG,1
ATCCTTTTCA,1
GTTATCATAT,1
ACAAAGTCTC,1
TGGTTCGTTG,1
TGTAATAATC,1
TTAAGGGCAA,1
TGGGAACCTT,1
GGCAGGCTTA,1
TACGTCGTGG,1
TGACGAAAAA,1
AGAACAAAAC,1
TTACTAACAA,1
ATCTATCCAA,1
GAACCTTATC,1
GCTCTCGGTC,1
TTGGTATCCA,1
AAGGTTTTTA,1
AACTATATGT,1
CTTCAATCCA,1
GCTCTTTGAG,1
TCTCCTATTC,1
TTGCTGATCA,1
TGAGCAGTTA,1
TACTAGGTCC,1
AATAGTGTAC,1
TTGGGGAAAG,1
TATCCAAATG,1
AGGTCTTGAT,1
CTTGTTTTTT,1
TTGTTTTTTG,1
GAAAAGCCGA,1
ATTCAAAGAT,1
GCTCAGCACT,1
TGAATAGTGT,1
TCCTCTGAAT,1
AGAGATGGGA,1
GATTATCTCC,1
ATGCAGATCG,1
CGGCGAGAGA,1
CTCAGTTTTG,1
TAGAACAAAA,1
GGTTTTTACT,1
CTTGGCGAAG,1
AAGCTGAGCA,1
CCTTTTCAAA,1
AGCCGATTAT,1
CCATTGGGGA,1
AGTGTATGCA,1
TATCCTCGGC,1
CATGAGATCC,1
AGTGTACTAG,1
GTGTATGCAG,1
TCAAAGTCAA,1
TGCTCGGAAG,1
GTCACTGGTT,1
AAAGAAGGAT,1
ACAAAACTTT,1
TTCCAAGTGT,1
CAAAACTTTG,1
CCGGGTCTTC,1
CGAAAAAGAA,1
AAGAACTTAG,1
CTGGTTCGTT,1
GCCGATTATC,1
CCGATTATCT,1
CATTGGTATC,1
TATATCTATC,1
CACTCATAAG,1
CCTATTCTCC,1
TCACTTGTTT,1
ATAGTGTACT,1
CGTCAACAAT,1
CTTGCTCGGA,1
AGCAGTTACT,1
TAGATTGCTC,1
TATTAACCCA,1
ACTAGGTCCA,1
ATGCTAAATT,1
CTATCCTCGG,1
TTCAGGGGTC,1
GAGAATACGA,1
TTCGATGAGG,1
GCACTCATAA,1
TCATTGGTAT,1
CAGATCGAAT,1
TTCCTTGGCG,1
CAACAATTAT,1
CAGCTGGATA,1
TGATGGCAGG,1
GCAACAATGC,1
ATTGTAAGAA,1
AAGTCAAAGA,1
GTATGCGAAC,1
AGTCAAAGAA,1
TAAGCTCTTT,1
CCAGCTCTCG,1
TTCGTTGAAG,1
GCTGATCATT,1
TGGCGAAGCG,1
ATAATCACTC,1
AAGCAACCAA,1
ACAATTATCT,1
TCGGTCTTCC,1
TGAGAATACG,1
CTATCAAAGG,1
ATTCACTCAG,1
TTGATGAGAC,1
TCAAAGATAT,1
TGATCTATCC,1
ACCCATGAGA,1
CACTCAGTTT,1
AAAGCCGATT,1
CTTGATTTCC,1
TTGTAAGAAA,1
AAGCCGATTA,1
ATCGAATGTC,1
AACTTTGGCA,1
TAATCACTTG,1
CTCGGCGTTT,1
TCCTTGGCGA,1
GACGAAAAAG,1
AGATGGGAAC,1
CTATCCAAAA,1
TTTGAACTAT,1
CAATTATCTC,1
ATGGAATCCA,1
CGGAAGCAAC,1
CAGCACTCAT,1
TGTATGCGAA,1
CGATGAGGTC,1
AGCAACCAAC,1
TAGTGTACTA,1
CGATTATCTC,1
TGGTATCCAA,1
GTTTCAGGGG,1
AGATCGAATG,1
ATTGGGGAAA,1
AAGATCTAAG,1
TCACTGGTTC,1
TCACTCAGTT,1
TACGAAAAAA,1
TATATGTAAT,1
CTCAGCACTC,1
TATCTAAACC,1
ATCACTTGTT,1
CCCATTGGGG,1
ATTCCAGAAG,1
CGGGTCTTCA,1
AAGGAATGTA,1
CACGTGCTGT,1
GAAAAAAGCA,1
TCTTCAATCC,1
TCTGAATCCG,1
TCGATGAGGT,1
ATGGGAACCT,1
ATATCTATCC,1
TCTGAATAGT,1
TCAACAATTA,1
GTGTACTAGG,1
TCAGGGGTCA,1
CAAAACCGGT,1
ATCCAAATGA,1
TCCAAATGAT,1
CACGCAATCC,1
GCTGGATATG,1
GTCACGCAAT,1
ACCGGGTCTT,1
AGATGATGAA,1
AATCACTCTA,1
TGGAATCCAA,1
ACCTTATCTA,1
GAGCAGTTAC,1
TCAGTCACTG,1
CCAGAAGCGG,1
GTGCTGTTAT,1
ATACTAACAA,1
GTGTATGCGG,1
TTGATATATC,1
TGGTACCCGA,1
AGTCTTCCAC,1
TCGACGAGAT,1
CGGGTCCTCA,1
ACACTCCGTT,1
GATTTTGATT,1
CAACCGCATC,1
TTTCATCAGG,1
TTTGATTTCC,1
GTCCTCAATC,1
GATGTAAGAA,1
CTCATATTCT,1
ACGAGATTTT,1
AATGGGGAAA,1
ATGAGGTCCA,1
ACTTGACCAC,1
ACTAACAAAC,1
AACAAAAAAC,1
AAGTGTAGTT,1
CGACGAGATT,1
GCTATTTGAG,1
TTCAAAGAAA,1
AAACACTCCG,1
AATTCGACGA,1
TTAGCCCTCA,1
TCAGGGTCTC,1
AAATCCAATT,1
AGTTTTTACT,1
AAAAGCGACA,1
GGGTCCTCAA,1
GAAATTAACC,1
CCTCAATCTA,1
GAAACGTCAA,1
ACTTTCATCA,1
TCTCATCCAG,1
AAACGTCAAC,1
TGAATAGCGT,1
CCTGGTGCAT,1
ACGAGAAAAG,1
TTTCCTCAGC,1
GTATGTGAAC,1
CCTAAAGATA,1
CTTCCCCCTA,1
GAGATTTTGA,1
AGGTCCTTTT,1
TCGTGCTGTC,1
CTCGTGCTGT,1
GATAGATTTC,1
TCTTTCCAAA,1
TAAAGATAAG,1
TAGATTGCTT,1
TAACGAAATC,1
TCCCCCTAAA,1
TTCATCAGGG,1
CCGCATCTAA,1
GAGATCCAAA,1
TGTATGTGAA,1
TCTCTATATG,1
AAGCTGAGAA,1
CAGTGCCAAG,1
GTAGTTGATC,1
ATTCACTCCG,1
GCTCTTAGTC,1
GGCAGTGCCA,1
TCAGCATACG,1
AGTGTAGTTG,1
TGTATGCGGA,1
CAATTTACGC,1
ACAGCCATCT,1
ATCTAAGATG,1
ACTCCTTCCC,1
ATACGCAAGT,1
CGACAATGCC,1
CTGTCCTCAT,1
GACTCCTTCC,1
ATAAGTCATT,1
GCAAGTGTAG,1
ATTCGAGATC,1
ATGGGGAAAG,1
GCGGATAAGA,1
GATAAGATGT,1
CCTCAGCATA,1
ATAGCGTTCT,1
TGTAAGAACA,1
CTCTATATGA,1
TTTCAGAGCC,1
AAGATAAGTC,1
GCATACGCAA,1
CAGCCATCTC,1
TGGGGAAACG,1
CTTAAGCTAT,1
TGTGAACTTA,1
ACGTCAACAG,1
TTTTACTCGG,1
AACACTCCGT,1
AGCGTTCTAG,1
GGGCAAGCAA,1
AGGGCAGTGC,1
ACTGAATCCG,1
AACAAACTCT,1
CCAAACACTC,1
CGCCCTGGTG,1
TTACGCCCTG,1
TTCGAGATCC,1
TGAGAACATA,1
GTTGATCATT,1
CTCATCCAGT,1
CAAAGATAGA,1
GTAAGAACAA,1
TTTTCAGAGC,1
CATACTAACA,1
ATCTTTCCTC,1
GCAGACTTAA,1
TATCTTTCCT,1
ATGATCTTTC,1
TTACTCGGGG,1
GAACATACTA,1
AGATAAGTCA,1
TTGACCACTT,1
CCAATTCGAC,1
TTCCCCCTAA,1
ATTCGACGAG,1
CATCCAGTTT,1
TGATGAGGTC,1
CGTGCTGTCC,1
TTCCAAAAGA,1
CCTCATAAGA,1
AGGTTAACGA,1
AAGTCATTCG,1
GCCTCACTCT,1
TGATCTTTCC,1
GACAATGCCT,1
ATGTAAGAAC,1
TCACGCTATA,1
TGAGGTCCAT,1
TATTGATATA,1
TAAGAACAAA,1
CCCAATGGGG,1
GACGAGATTT,1
CAAAAAACTT,1
AAGATGTCAC,1
ATCCAAACAC,1
GTTTCATGGA,1
AGCAGCGAGA,1
AAAGAAATTA,1
AATGATCTTT,1
ATTGAGAGTA,1
CAGAGCCAAA,1
CCATCTCGTG,1
ATCAGGGTCT,1
GTCATTCGAG,1
CCGTTTTGGA,1
CGAATGATCT,1
GGTCCATGAG,1
GATTGAGAGT,1
CCAGTTTCAT,1
ATCTGGATAT,1
GGAAACGTCA,1
AGCTATTTGA,1
CATCTCGTGC,1
CTGAATAGCG,1
CACTGAATCC,1
TAACAAACTC,1
ATCTTTCCAA,1
TTTTGATTTC,1
CAGTTATCCC,1
GATTCACTCC,1
AATCTAAGAT,1
AATTAACCCA,1
AGAGACTCCT,1
GAGAGTACGA,1
GAAATCCAAT,1
AGTCATTCGA,1
CTATATGAGA,1
AAATTAACCC,1
ACGCCCTGGT,1
TCATTGGTAC,1
ACAAACTCTC,1
AAAAAACTTG,1
AACGAAATCC,1
ACCCAATGGG,1
TGCCTCACTC,1
TCTTTCCTCA,1
AACAGTTATC,1
TGAGAGACTC,1
AGATGTCACA,1
GCCAAGTTTT,1
GAACAAAAAA,1
ACTCGGGGGC,1
AGATTGCTTA,1
CTTTCCTCAG,1
TATGAGAGAC,1
AGTTTCATGG,1
TTCTAGCTCC,1
ATATATCTTT,1
TACGCCCTGG,1
CGTCAACAGT,1
TCCTCATATT,1
TTTACGCCCT,1
TTGCTTAGCC,1
GGTCCTTTTC,1
CCAATGGGGA,1
ATTGGTACCC,1
GCCCTGGTGC,1
CTCACTCTGA,1
CTCCGTTTAA,1
ATAAGATGTC,1
AGTCACGCTA,1
GCAACCATCT,1
TCAGAAGCAG,1
TATTTGAGAG,1
TGAGAGTACG,1
AACCGCATCT,1
GTGAACTTAT,1
TGCGGATAAG,1
GGGGCAAGCA,1
TATATTGATA,1
GTACCCGAAT,1
CACTCTGATG,1
AGATTTCAGA,1
GAGACTCCTT,1
AGTGTATGCG,1
CCCCTGAATT,1
CCAGCTCTTA,1
TCTGATGAGG,1
CATCAGGGTC,1
TGACCACTTT,1
TGCTGTCCTC,1
ATATCTTTCC,1
AGAAATTAAC,1
TCATCAGGGT,1
AATTTACGCC,1
CATTGGTACC,1
CAGCATACGC,1
AAAGATAAGT,1
TAGCGTTCTA,1
TTTCTCATCC,1
AGCTCCAGCT,1
GCTCCAGCTC,1
ACCGCATCTA,1
CAGAAGCAGC,1
AAGCTATTTG,1
GAGTACGAGA,1
AGATCCAAAC,1
GATCCAAACA,1
TGAACTTATG,1
AATTTCTCAT,1
CTCTTAGTCT,1
AGAACATACT,1
CGTTTAATTT,1
CAACAGTTAT,1
CCTCATATTC,1
CTCAGCATAC,1
TCATCCAGTT,1
TGATGGCAGA,1
GCAGTGCCAA,1
GATGGCAGAC,1
GGGAAACGTC,1
ACATACTAAC,1
TCGGGGGCAA,1
AGGTCCATGA,1
TTCATGGATC,1
TACGCAAGTG,1
TCAATCTAAG,1
AGATGGCAAC,1
CGAGAAAAGC,1
CCAAAGATAG,1
TATGTGAACT,1
CCTTCCCCCT,1
ATCCAGTTTC,1
ACTCCGTTTA,1
CCCGAATGAT,1
TAGTTGATCA,1
TTGGTACCCG,1
CTGGTGCATC,1
GGTCTCTATA,1
GTCTTCCACT,1
TGGCAACCGC,1
TAAGCTATTT,1
TCCATGAGGT,1
TTTACTCGGG,1
TAAGATGTAA,1
GTCCATGAGG,1
GAAGCTGAGA,1
GCAAGCAACC,1
CCGTTTAATT,1
TCTGAATAGC,1
GGCAAGCAAC,1
GCTTAGCCCT,1
AGCCATCTCG,1
CAAACACTCC,1
AAAGATAGAT,1
CCTCACTCTG,1
CACGCTATAT,1
GTCCTTTTCA,1
TAGATTTCAG,1
TCACTCTGAT,1
GAGTCACGCT,1
TTATCCCCTG,1
GCGACAATGC,1
CCCCCTAAAG,1
GAGGTCCATG,1
ATGGCAACCG,1
ACCCGAATGA,1
ACTCCGTTTT,1
GGGGAAACGT,1
GTTTTTACTC,1
CTCAATCTAA,1
GTTTAATTTC,1
CTTTCCAAAA,1
ATCTCGTGCT,1
TTCAGAGCCA,1
GAGAGATGGC,1
GTCACGCTAT,1
TCCAGCTCTT,1
AACTTGACCA,1
TTCCTCAGCA,1
ACTCTGATGA,1
AGTACGAGAA,1
GCATCTAAAC,1
ATTTTGATTT,1
AGAAAAGCGA,1
TGCCAAGTTT,1
ATGCGGATAA,1
TCTCGTGCTG,1
ATGTGAACTT,1
TTCCTTGGGG,1
CCACTTTCAT,1
CTTCCACTGA,1
GCAGCGAGAG,1
ACGCTATATT,1
GAGATGGCAA,1
TCATGGATCA,1
ATATGAGAGA,1
TTCGACGAGA,1
TCCAAACACT,1
GATTGCTTAG,1
TGCATCTGGA,1
AATAGCGTTC,1
GAGGTCCTTT,1
GTGTAGTTGA,1
TAAGGGCAGT,1
GGTTAACGAA,1
TCCTTTTCAG,1
TTGGGGAAAC,1
GATTTCAGAA,1
ACCACTTTCA,1
TGCTTAGCCC,1
CTCCAGCTCT,1
AAGGTTAACG,1
GCAACCGCAT,1
AGCATACGCA,1
CTCCTTCCCC,1
GGTCCTCAAT,1
CTTAGTCTTC,1
TATATGAGAG,1
TTCTCATCCA,1
GATGTCACAG,1
TCTAGCTCCA,1
GGGCAGTGCC,1
TCTAAGATGT,1
TCCGTTTTGG,1
AAGCAACCAT,1
TAAGTCATTC,1
CACTCCGTTT,1
TTCCACTGAA,1
GAGAAAAGCG,1
GCCAAAGATA,1
GCTGTCCTCA,1
TATCCCCTGA,1
AACTCTCTGT,1
CATCTGGATA,1
GTCAACAGTT,1
GACTTAAGCT,1
CTAAAGATAA,1
ATTTCAGAAG,1
GAAAAGCGAC,1
TAATTTCTCA,1
TGGTGCATCT,1
CGCAAGTGTA,1
CGTTCTAGCT,1
CTGATGAGGT,1
CCATGAGGTC,1
AAGATGTAAG,1
GAGAGACTCC,1
AGTGCCAAGT,1
ATTTGAGAGT,1
AACGTCAACA,1
GTGCTGTCCT,1
GCATCTGGAT,1
TCTGGATATG,1
AAGCAGCGAG,1
AGATTTTGAT,1
AGGGTCTCTA,1
TTCACTCCGT,1
GTACGAGAAA,1
ACGCAAGTGT,1
TTAGTCTTCC,1
AGCTCTTAGT,1
CAAACTCTCT,1
CTCGGGGGCA,1
ACTCTCTGTC,1
GCCATCTCGT,1
CCACTGAATC,1
TAGTCTTCCA,1
ATGAGAGACT,1
TTAATTTCTC,1
CAATTCGACG,1
TCAGAGCCAA,1
ATAGATTTCA,1
GGGGGCAAGC,1
GGCAACCGCA,1
CATTCGAGAT,1
GTCTCTATAT,1
GACCACTTTC,1
CCCTCATAAG,1
CCTTGTATGT,1
CTATATTGAT,1
AGCCAAAGAT,1
CCCTGGTGCA,1
AAGATAGATT,1
TCCCCTGAAT,1
ATTTCTCATC,1
CAGTTTCATG,1
ATATTGATAT,1
AACATACTAA,1
TAACCCAATG,1
CATACGCAAG,1
TCAACAGTTA,1
TCCTCAATCT,1
GTTAACGAAA,1
AGCAACCATC,1
CTAGCTCCAG,1
GGATTGAGAG,1
AAGAACAAAA,1
GCTATATTGA,1
TAGCTCCAGC,1
TCACTCCGTT,1
GAGAACATAC,1
TAGCCCTCAT,1
CATGAGGTCC,1
CACTTTCATC,1
TTTCCAAAAG,1
AGACTCCTTC,1
TGAGGTCCTT,1
CCCCTAAAGA,1
CTTGGGGAAA,1
AGACTTAAGC,1
CGCTATATTG,1
TCCACTGAAT,1
GAGCCAAAGA,1
GATGAGGTCC,1
CCTTGGGGAA,1
TACGAGAAAA,1
GATGGCAACC,1
GAATGATCTT,1
TCTATATGAG,1
CTATTTGAGA,1
TATATCTTTC,1
TTAACCCAAT,1
AGCGACAATG,1
ACAAAAAACT,1
ACTTAAGCTA,1
TACCCGAATG,1
CTTGTATGTG,1
CTAACAAACT,1
AGAACAAAAA,1
ATTAACCCAA,1
GATATATCTT,1
GCGTTCTAGC,1
TCTTCCACTG,1
CCGGGTCCTC,1
CAGGGTCTCT,1
CCCTGAATTC,1
AAGCGACAAT,1
CTTGACCACT,1
CGCATCTAAA,1
CGAGATTTTG,1
GTCCTCATAT,1
CAGACTTAAG,1
TCCTCAGCAT,1
ATTCAAAGAA,1
AGTTATCCCC,1
TACTCGGGGG,1
TGGCAGACTT,1
GGCAGACTTA,1
CGGGGGCAAG,1
GTGCATCTGG,1
TTTTTACTCG,1
AGAGATGGCA,1
TTAACGAAAT,1
CTCTCTGTCC,1
ATTTACGCCC,1
AGAGCCAAAG,1
AGAGTACGAG,1
TCATTCGAGA,1
GAAGCAGCGA,1
TTGAGAGTAC,1
AAACTCTCTG,1
TTTCATGGAT,1
CAAGTTTTTA,1
CAAGGTTAAC,1
GTATGCGGAT,1
GCCCTCATAA,1
ATGGCAGACT,1
ATTGATATAT,1
TTGTATGTGA,1
CAGCTCTTAG,1
TCCTTCCCCC,1
AAAACTTGAC,1
CAGCGAGAGA,1
GGGTCTCTAT,1
ATCCCCTGAA,1
CGAAATCCAA,1
TTTAATTTCT,1
CATCTAAACC,1
CTCCGTTTTG,1
AGCTGAGAAC,1
ATTGCTTAGC,1
TGTAGTTGAT,1
AGCCCTCATA,1
AGTTGATCAT,1
CAAAGAAATT,1
GGATAAGATG,1
AGATAGATTT,1
GGTGCATCTG,1
CCTTTTCAGA,1
CAATCTAAGA,1
AGATGTAAGA,1
AAAAACTTGA,1
CAAGTGTAGT,1
CTGAGAACAT,1
CAAGCAACCA,1
TTCAGAAGCA,1
AAGAAATTAA,1
GTTCTAGCTC,1
TCCTTGGGGA,1
GATAAGTCAT,1
AAGGGCAGTG,1
GCTGAGAACA,1
TTAAGGGCAG,1
TCGAGATCCA,1
AGAAGCAGCG,1
AACCCAATGG,1
TATGCGGATA,1
TTAAGCTATT,1
ATGAGGTCCT,1
TTGATCATTG,1
CTTTCATCAG,1
CCCTAAAGAT,1
AACCGGGTCC,1
TCCAGTTTCA,1
TTTCCTTGGG,1
GGTACCCGAA,1
TGTCCTCATA,1
ACAGTTATCC,1
TTTCAGAAGC,1
AAGTTTTTAC,1
GATCTTTCCA,1
CGTTTTGGAT,1
CTTAGCCCTC,1
ACCGGGTCCT,1
GAATAGCGTT,1
GTTATCCCCT,1
CTCTGATGAG,1
CAATGGGGAA,1
CTAAGATGTA,1
TAAGATGTCA,1
CTTTTCAGAG,1
AAACTTGACC,1
CCGAATGATC,1
CGAGATCCAA,1
GTGCCAAGTT,1
CCAAGTTTTT,1
AAAGCGACAA,1
CGGATAAGAT,1
ACGAAATCCA,1
TCAAAGAAAT,1
TCCGTTTAAT,1
AGCGAGAGAT,1
TCTTAGTCTT,1
